{
  "token_acc": 0.9998979384,
  "token_p": 0.9994896918,
  "token_r": 0.9995917117,
  "token_f": 0.9995406992,
  "tag_acc": 0.9351842401,
  "pos_acc": 0.9511074819,
  "morph_acc": 0.9406961315,
  "morph_micro_p": 0.9601572271,
  "morph_micro_r": 0.9575055679,
  "morph_micro_f": 0.9588295642,
  "morph_per_feat": {
    "Case": {
      "p": 0.9769493455,
      "r": 0.971695443,
      "f": 0.9743153115
    },
    "Definite": {
      "p": 0.9693476552,
      "r": 0.9632908097,
      "f": 0.9663097414
    },
    "Gender": {
      "p": 0.9571513002,
      "r": 0.9548938679,
      "f": 0.9560212515
    },
    "Number": {
      "p": 0.9477630592,
      "r": 0.9414101291,
      "f": 0.9445759123
    },
    "Mood": {
      "p": 0.9591194969,
      "r": 0.9703075292,
      "f": 0.9646810754
    },
    "Tense": {
      "p": 0.9431111111,
      "r": 0.9558558559,
      "f": 0.9494407159
    },
    "VerbForm": {
      "p": 0.9392436454,
      "r": 0.9510357815,
      "f": 0.945102932
    },
    "Voice": {
      "p": 0.9621968616,
      "r": 0.9733044733,
      "f": 0.9677187948
    },
    "PronType": {
      "p": 0.964017991,
      "r": 0.955423477,
      "f": 0.9597014925
    },
    "Degree": {
      "p": 0.9701173959,
      "r": 0.9342240493,
      "f": 0.9518324607
    },
    "Poss": {
      "p": 0.9769230769,
      "r": 0.9921875,
      "f": 0.984496124
    },
    "Polarity": {
      "p": 0.99,
      "r": 0.9705882353,
      "f": 0.9801980198
    },
    "NumType": {
      "p": 0.9333333333,
      "r": 0.9491525424,
      "f": 0.9411764706
    },
    "Abbr": {
      "p": 0.8823529412,
      "r": 0.9375,
      "f": 0.9090909091
    }
  },
  "sents_p": 0.9180952381,
  "sents_r": 0.9563492063,
  "sents_f": 0.9368318756,
  "dep_uas": 0.818598856,
  "dep_las": 0.7672877612,
  "dep_las_per_type": {
    "nsubj": {
      "p": 0.8208955224,
      "r": 0.7877604167,
      "f": 0.803986711
    },
    "root": {
      "p": 0.8266666667,
      "r": 0.8611111111,
      "f": 0.843537415
    },
    "case": {
      "p": 0.8799546999,
      "r": 0.8769751693,
      "f": 0.8784624081
    },
    "det": {
      "p": 0.9161676647,
      "r": 0.8982387476,
      "f": 0.9071146245
    },
    "obl": {
      "p": 0.6276595745,
      "r": 0.6310160428,
      "f": 0.6293333333
    },
    "nsubj:pass": {
      "p": 0.78125,
      "r": 0.7731958763,
      "f": 0.7772020725
    },
    "acl:relcl": {
      "p": 0.641221374,
      "r": 0.6315789474,
      "f": 0.6363636364
    },
    "advmod": {
      "p": 0.7366459627,
      "r": 0.7431077694,
      "f": 0.7398627573
    },
    "amod": {
      "p": 0.8820678514,
      "r": 0.8907014682,
      "f": 0.8863636364
    },
    "obl:agent": {
      "p": 0.5882352941,
      "r": 0.6666666667,
      "f": 0.625
    },
    "aux": {
      "p": 0.8987341772,
      "r": 0.9220779221,
      "f": 0.9102564103
    },
    "nmod:poss": {
      "p": 0.9377431907,
      "r": 0.9377431907,
      "f": 0.9377431907
    },
    "obj": {
      "p": 0.7734375,
      "r": 0.8389830508,
      "f": 0.8048780488
    },
    "nmod": {
      "p": 0.6346153846,
      "r": 0.6246056782,
      "f": 0.6295707472
    },
    "mark": {
      "p": 0.8140495868,
      "r": 0.812371134,
      "f": 0.8132094943
    },
    "advcl": {
      "p": 0.4835680751,
      "r": 0.5364583333,
      "f": 0.5086419753
    },
    "cop": {
      "p": 0.8181818182,
      "r": 0.8372093023,
      "f": 0.8275862069
    },
    "xcomp": {
      "p": 0.6296296296,
      "r": 0.5902777778,
      "f": 0.6093189964
    },
    "cc": {
      "p": 0.7809734513,
      "r": 0.8096330275,
      "f": 0.795045045
    },
    "conj": {
      "p": 0.5954356846,
      "r": 0.6054852321,
      "f": 0.60041841
    },
    "appos": {
      "p": 0.2666666667,
      "r": 0.2285714286,
      "f": 0.2461538462
    },
    "acl": {
      "p": 0.5921052632,
      "r": 0.4639175258,
      "f": 0.5202312139
    },
    "iobj": {
      "p": 0.7857142857,
      "r": 0.5238095238,
      "f": 0.6285714286
    },
    "compound:prt": {
      "p": 0.7236842105,
      "r": 0.7857142857,
      "f": 0.7534246575
    },
    "fixed": {
      "p": 0.8364485981,
      "r": 0.662962963,
      "f": 0.7396694215
    },
    "parataxis": {
      "p": 0.3620689655,
      "r": 0.4117647059,
      "f": 0.3853211009
    },
    "expl": {
      "p": 0.4642857143,
      "r": 0.6046511628,
      "f": 0.5252525253
    },
    "csubj": {
      "p": 0.28125,
      "r": 0.3333333333,
      "f": 0.3050847458
    },
    "ccomp": {
      "p": 0.6,
      "r": 0.5106382979,
      "f": 0.5517241379
    },
    "nummod": {
      "p": 0.8095238095,
      "r": 0.693877551,
      "f": 0.7472527473
    },
    "aux:pass": {
      "p": 0.0,
      "r": 0.0,
      "f": 0.0
    },
    "dep": {
      "p": 0.0,
      "r": 0.0,
      "f": 0.0
    },
    "dislocated": {
      "p": 0.5,
      "r": 0.25,
      "f": 0.3333333333
    },
    "acl:cleft": {
      "p": 0.3333333333,
      "r": 0.2727272727,
      "f": 0.3
    },
    "flat:name": {
      "p": 0.6666666667,
      "r": 0.3636363636,
      "f": 0.4705882353
    },
    "csubj:pass": {
      "p": 0.0,
      "r": 0.0,
      "f": 0.0
    },
    "discourse": {
      "p": 0.0,
      "r": 0.0,
      "f": 0.0
    },
    "orphan": {
      "p": 0.0,
      "r": 0.0,
      "f": 0.0
    },
    "vocative": {
      "p": 0.0,
      "r": 0.0,
      "f": 0.0
    }
  },
  "lemma_acc": 0.9489639686,
  "ents_p": 0.8002766252,
  "ents_r": 0.703892944,
  "ents_f": 0.7489967638,
  "ents_per_type": {
    "PRS": {
      "p": 0.8507306889,
      "r": 0.842377261,
      "f": 0.846533368
    },
    "ORG": {
      "p": 0.6125827815,
      "r": 0.5225988701,
      "f": 0.5640243902
    },
    "LOC": {
      "p": 0.8666666667,
      "r": 0.8494318182,
      "f": 0.8579626973
    },
    "TME": {
      "p": 0.5186721992,
      "r": 0.234082397,
      "f": 0.3225806452
    },
    "WRK": {
      "p": 0.393442623,
      "r": 0.2580645161,
      "f": 0.3116883117
    },
    "MSR": {
      "p": 0.4615384615,
      "r": 0.1481481481,
      "f": 0.2242990654
    },
    "OBJ": {
      "p": 0.5,
      "r": 0.3333333333,
      "f": 0.4
    },
    "EVN": {
      "p": 0.75,
      "r": 0.375,
      "f": 0.5
    }
  },
  "speed": 11520.0125062328
}